{
  "GET Contact with id 67a21a97ad458a00134b3070" : {
    "transaction" : "GET Contact with id 67a21a97ad458a00134b3070",
    "sampleCount" : 1,
    "errorCount" : 0,
    "errorPct" : 0.0,
    "meanResTime" : 2027.0,
    "medianResTime" : 2027.0,
    "minResTime" : 2027.0,
    "maxResTime" : 2027.0,
    "pct1ResTime" : 2027.0,
    "pct2ResTime" : 2027.0,
    "pct3ResTime" : 2027.0,
    "throughput" : 0.49333991119881604,
    "receivedKBytesPerSec" : 0.5097203379378391,
    "sentKBytesPerSec" : 0.24811528737049826
  },
  "GET Contact with id 67a21a9cad458a00134b3076" : {
    "transaction" : "GET Contact with id 67a21a9cad458a00134b3076",
    "sampleCount" : 1,
    "errorCount" : 0,
    "errorPct" : 0.0,
    "meanResTime" : 609.0,
    "medianResTime" : 609.0,
    "minResTime" : 609.0,
    "maxResTime" : 609.0,
    "pct1ResTime" : 609.0,
    "pct2ResTime" : 609.0,
    "pct3ResTime" : 609.0,
    "throughput" : 1.6420361247947455,
    "receivedKBytesPerSec" : 1.6901426518883416,
    "sentKBytesPerSec" : 0.561242816091954
  },
  "GET Contact with id 67a21a9cad458a00134b3077" : {
    "transaction" : "GET Contact with id 67a21a9cad458a00134b3077",
    "sampleCount" : 1,
    "errorCount" : 0,
    "errorPct" : 0.0,
    "meanResTime" : 609.0,
    "medianResTime" : 609.0,
    "minResTime" : 609.0,
    "maxResTime" : 609.0,
    "pct1ResTime" : 609.0,
    "pct2ResTime" : 609.0,
    "pct3ResTime" : 609.0,
    "throughput" : 1.6420361247947455,
    "receivedKBytesPerSec" : 1.6901426518883416,
    "sentKBytesPerSec" : 0.561242816091954
  },
  "GET Contact with id 67a21a9cad458a00134b3075" : {
    "transaction" : "GET Contact with id 67a21a9cad458a00134b3075",
    "sampleCount" : 1,
    "errorCount" : 0,
    "errorPct" : 0.0,
    "meanResTime" : 607.0,
    "medianResTime" : 607.0,
    "minResTime" : 607.0,
    "maxResTime" : 607.0,
    "pct1ResTime" : 607.0,
    "pct2ResTime" : 607.0,
    "pct3ResTime" : 607.0,
    "throughput" : 1.6474464579901154,
    "receivedKBytesPerSec" : 1.6957114909390445,
    "sentKBytesPerSec" : 0.8285497322899505
  },
  "GET Contact with id 67a21a9fad458a00134b307a" : {
    "transaction" : "GET Contact with id 67a21a9fad458a00134b307a",
    "sampleCount" : 1,
    "errorCount" : 0,
    "errorPct" : 0.0,
    "meanResTime" : 615.0,
    "medianResTime" : 615.0,
    "minResTime" : 615.0,
    "maxResTime" : 615.0,
    "pct1ResTime" : 615.0,
    "pct2ResTime" : 615.0,
    "pct3ResTime" : 615.0,
    "throughput" : 1.6260162601626016,
    "receivedKBytesPerSec" : 1.680005081300813,
    "sentKBytesPerSec" : 0.5557672764227642
  },
  "GET Contact with id 67a21aa3e0f4720013abcc0b" : {
    "transaction" : "GET Contact with id 67a21aa3e0f4720013abcc0b",
    "sampleCount" : 1,
    "errorCount" : 0,
    "errorPct" : 0.0,
    "meanResTime" : 619.0,
    "medianResTime" : 619.0,
    "minResTime" : 619.0,
    "maxResTime" : 619.0,
    "pct1ResTime" : 619.0,
    "pct2ResTime" : 619.0,
    "pct3ResTime" : 619.0,
    "throughput" : 1.6155088852988693,
    "receivedKBytesPerSec" : 1.6754594103392568,
    "sentKBytesPerSec" : 0.552175888529887
  },
  "GET Contact with id 67a21a9fad458a00134b307b" : {
    "transaction" : "GET Contact with id 67a21a9fad458a00134b307b",
    "sampleCount" : 1,
    "errorCount" : 0,
    "errorPct" : 0.0,
    "meanResTime" : 613.0,
    "medianResTime" : 613.0,
    "minResTime" : 613.0,
    "maxResTime" : 613.0,
    "pct1ResTime" : 613.0,
    "pct2ResTime" : 613.0,
    "pct3ResTime" : 613.0,
    "throughput" : 1.6313213703099512,
    "receivedKBytesPerSec" : 1.6854863376835236,
    "sentKBytesPerSec" : 0.5575805464926591
  },
  "GET Contact with id 67a21aa2ad458a00134b307e" : {
    "transaction" : "GET Contact with id 67a21aa2ad458a00134b307e",
    "sampleCount" : 1,
    "errorCount" : 0,
    "errorPct" : 0.0,
    "meanResTime" : 639.0,
    "medianResTime" : 639.0,
    "minResTime" : 639.0,
    "maxResTime" : 639.0,
    "pct1ResTime" : 639.0,
    "pct2ResTime" : 639.0,
    "pct3ResTime" : 639.0,
    "throughput" : 1.5649452269170578,
    "receivedKBytesPerSec" : 1.623019366197183,
    "sentKBytesPerSec" : 0.5348933881064163
  },
  "GET Contact with id 67a21a9aad458a00134b3073" : {
    "transaction" : "GET Contact with id 67a21a9aad458a00134b3073",
    "sampleCount" : 1,
    "errorCount" : 0,
    "errorPct" : 0.0,
    "meanResTime" : 624.0,
    "medianResTime" : 624.0,
    "minResTime" : 624.0,
    "maxResTime" : 624.0,
    "pct1ResTime" : 624.0,
    "pct2ResTime" : 624.0,
    "pct3ResTime" : 624.0,
    "throughput" : 1.6025641025641024,
    "receivedKBytesPerSec" : 1.6745542868589745,
    "sentKBytesPerSec" : 0.805977063301282
  },
  "GET Contact with id 67a21aa3e0f4720013abcc0a" : {
    "transaction" : "GET Contact with id 67a21aa3e0f4720013abcc0a",
    "sampleCount" : 1,
    "errorCount" : 0,
    "errorPct" : 0.0,
    "meanResTime" : 621.0,
    "medianResTime" : 621.0,
    "minResTime" : 621.0,
    "maxResTime" : 621.0,
    "pct1ResTime" : 621.0,
    "pct2ResTime" : 621.0,
    "pct3ResTime" : 621.0,
    "throughput" : 1.6103059581320451,
    "receivedKBytesPerSec" : 1.6700634057971016,
    "sentKBytesPerSec" : 0.5503975442834138
  },
  "GET Contact with id 67a21aa7ad458a00134b3081" : {
    "transaction" : "GET Contact with id 67a21aa7ad458a00134b3081",
    "sampleCount" : 1,
    "errorCount" : 0,
    "errorPct" : 0.0,
    "meanResTime" : 613.0,
    "medianResTime" : 613.0,
    "minResTime" : 613.0,
    "maxResTime" : 613.0,
    "pct1ResTime" : 613.0,
    "pct2ResTime" : 613.0,
    "pct3ResTime" : 613.0,
    "throughput" : 1.6313213703099512,
    "receivedKBytesPerSec" : 1.6791139885807504,
    "sentKBytesPerSec" : 0.5575805464926591
  },
  "GET Contact with id 67a21aa6e0f4720013abcc0d" : {
    "transaction" : "GET Contact with id 67a21aa6e0f4720013abcc0d",
    "sampleCount" : 1,
    "errorCount" : 0,
    "errorPct" : 0.0,
    "meanResTime" : 624.0,
    "medianResTime" : 624.0,
    "minResTime" : 624.0,
    "maxResTime" : 624.0,
    "pct1ResTime" : 624.0,
    "pct2ResTime" : 624.0,
    "pct3ResTime" : 624.0,
    "throughput" : 1.6025641025641024,
    "receivedKBytesPerSec" : 1.6682942708333333,
    "sentKBytesPerSec" : 0.5477514022435898
  },
  "GET Contact with id 67a21aa6e0f4720013abcc0e" : {
    "transaction" : "GET Contact with id 67a21aa6e0f4720013abcc0e",
    "sampleCount" : 1,
    "errorCount" : 0,
    "errorPct" : 0.0,
    "meanResTime" : 618.0,
    "medianResTime" : 618.0,
    "minResTime" : 618.0,
    "maxResTime" : 618.0,
    "pct1ResTime" : 618.0,
    "pct2ResTime" : 618.0,
    "pct3ResTime" : 618.0,
    "throughput" : 1.6181229773462784,
    "receivedKBytesPerSec" : 1.6844913025889967,
    "sentKBytesPerSec" : 0.5530693770226537
  },
  "POST Add Contact" : {
    "transaction" : "POST Add Contact",
    "sampleCount" : 33,
    "errorCount" : 0,
    "errorPct" : 0.0,
    "meanResTime" : 712.3333333333334,
    "medianResTime" : 629.0,
    "minResTime" : 595.0,
    "maxResTime" : 2144.0,
    "pct1ResTime" : 868.8000000000005,
    "pct2ResTime" : 1751.2999999999984,
    "pct3ResTime" : 2144.0,
    "throughput" : 1.2926982137261047,
    "receivedKBytesPerSec" : 1.3443801291718898,
    "sentKBytesPerSec" : 0.901354027930116
  },
  "GET Contact with id 67a21a9dad458a00134b3078" : {
    "transaction" : "GET Contact with id 67a21a9dad458a00134b3078",
    "sampleCount" : 1,
    "errorCount" : 0,
    "errorPct" : 0.0,
    "meanResTime" : 614.0,
    "medianResTime" : 614.0,
    "minResTime" : 614.0,
    "maxResTime" : 614.0,
    "pct1ResTime" : 614.0,
    "pct2ResTime" : 614.0,
    "pct3ResTime" : 614.0,
    "throughput" : 1.6286644951140066,
    "receivedKBytesPerSec" : 1.6763792752442996,
    "sentKBytesPerSec" : 0.8191037255700326
  },
  "GET Contact with id 67a21aa6e0f4720013abcc0f" : {
    "transaction" : "GET Contact with id 67a21aa6e0f4720013abcc0f",
    "sampleCount" : 1,
    "errorCount" : 0,
    "errorPct" : 0.0,
    "meanResTime" : 627.0,
    "medianResTime" : 627.0,
    "minResTime" : 627.0,
    "maxResTime" : 627.0,