{
  "GET Contact with id 67a20d0fe0f4720013abc467" : {
    "transaction" : "GET Contact with id 67a20d0fe0f4720013abc467",
    "sampleCount" : 1,
    "errorCount" : 0,
    "errorPct" : 0.0,
    "meanResTime" : 582.0,
    "medianResTime" : 582.0,
    "minResTime" : 582.0,
    "maxResTime" : 582.0,
    "pct1ResTime" : 582.0,
    "pct2ResTime" : 582.0,
    "pct3ResTime" : 582.0,
    "throughput" : 1.7182130584192439,
    "receivedKBytesPerSec" : 1.7685513316151205,
    "sentKBytesPerSec" : 0.8641403565292097
  },
  "DELETE Contact" : {
    "transaction" : "DELETE Contact",
    "sampleCount" : 4,
    "errorCount" : 0,
    "errorPct" : 0.0,
    "meanResTime" : 592.25,
    "medianResTime" : 594.0,
    "minResTime" : 578.0,
    "maxResTime" : 603.0,
    "pct1ResTime" : 603.0,
    "pct2ResTime" : 603.0,
    "pct3ResTime" : 603.0,
    "throughput" : 0.6731740154830024,
    "receivedKBytesPerSec" : 0.4989639431167957,
    "sentKBytesPerSec" : 0.429279914170313
  },
  "POST Log In User" : {
    "transaction" : "POST Log In User",
    "sampleCount" : 4,
    "errorCount" : 1,
    "errorPct" : 25.0,
    "meanResTime" : 2343.0,
    "medianResTime" : 2321.0,
    "minResTime" : 1614.0,
    "maxResTime" : 3116.0,
    "pct1ResTime" : 3116.0,
    "pct2ResTime" : 3116.0,
    "pct3ResTime" : 3116.0,
    "throughput" : 0.5828354946816261,
    "receivedKBytesPerSec" : 0.6278003424158531,
    "sentKBytesPerSec" : 0.15766155471368204
  },
  "GET Contact with id 67a20d11e0f4720013abc468" : {
    "transaction" : "GET Contact with id 67a20d11e0f4720013abc468",
    "sampleCount" : 1,
    "errorCount" : 0,
    "errorPct" : 0.0,
    "meanResTime" : 583.0,
    "medianResTime" : 583.0,
    "minResTime" : 583.0,
    "maxResTime" : 583.0,
    "pct1ResTime" : 583.0,
    "pct2ResTime" : 583.0,
    "pct3ResTime" : 583.0,
    "throughput" : 1.7152658662092624,
    "receivedKBytesPerSec" : 1.765517795883362,
    "sentKBytesPerSec" : 0.8626581260720412
  },
  "Total" : {
    "transaction" : "Total",
    "sampleCount" : 24,
    "errorCount" : 1,
    "errorPct" : 4.1666665,
    "meanResTime" : 923.0833333333334,
    "medianResTime" : 606.0,
    "minResTime" : 573.0,
    "maxResTime" : 3116.0,
    "pct1ResTime" : 2321.0,
    "pct2ResTime" : 3041.5,
    "pct3ResTime" : 3116.0,
    "throughput" : 2.4210632502774136,
    "receivedKBytesPerSec" : 2.4120000252194087,
    "sentKBytesPerSec" : 1.5316850348027842
  },
  "GET Contact with id 67a20d14ad458a00134b28fd" : {
    "transaction" : "GET Contact with id 67a20d14ad458a00134b28fd",
    "sampleCount" : 1,
    "errorCount" : 0,
    "errorPct" : 0.0,
    "meanResTime" : 620.0,
    "medianResTime" : 620.0,
    "minResTime" : 620.0,
    "maxResTime" : 620.0,
    "pct1ResTime" : 620.0,
    "pct2ResTime" : 620.0,
    "pct3ResTime" : 620.0,
    "throughput" : 1.6129032258064515,
    "receivedKBytesPerSec" : 1.672757056451613,
    "sentKBytesPerSec" : 0.8111769153225806
  },
  "GET Contact with id 67a20d0ee0f4720013abc466" : {
    "transaction" : "GET Contact with id 67a20d0ee0f4720013abc466",
    "sampleCount" : 1,
    "errorCount" : 0,
    "errorPct" : 0.0,
    "meanResTime" : 573.0,
    "medianResTime" : 573.0,
    "minResTime" : 573.0,
    "maxResTime" : 573.0,
    "pct1ResTime" : 573.0,
    "pct2ResTime" : 573.0,
    "pct3ResTime" : 573.0,
    "throughput" : 1.7452006980802792,
    "receivedKBytesPerSec" : 1.8167811954624784,
    "sentKBytesPerSec" : 0.8777132417102967
  },
  "POST Add Contact" : {
    "transaction" : "POST Add Contact",
    "sampleCount" : 4,
    "errorCount" : 0,
    "errorPct" : 0.0,
    "meanResTime" : 768.5,
    "medianResTime" : 592.0,
    "minResTime" : 581.0,
    "maxResTime" : 1309.0,
    "pct1ResTime" : 1309.0,
    "pct2ResTime" : 1309.0,
    "pct3ResTime" : 1309.0,
    "throughput" : 0.6068881808526778,
    "receivedKBytesPerSec" : 0.6329654073736913,
    "sentKBytesPerSec" : 0.5061352602033076
  },
  "PUT Update Contact" : {
    "transaction" : "PUT Update Contact",
    "sampleCount" : 4,
    "errorCount" : 0,
    "errorPct" : 0.0,
    "meanResTime" : 616.5,
    "medianResTime" : 605.5,
    "minResTime" : 598.0,
    "maxResTime" : 657.0,
    "pct1ResTime" : 657.0,
    "pct2ResTime" : 657.0,
    "pct3ResTime" : 657.0,
    "throughput" : 0.6739679865206403,
    "receivedKBytesPerSec" : 0.7002948609941029,
    "sentKBytesPerSec" : 0.6173652064026959
  },
  "PATCH Update Contact" : {
    "transaction" : "PATCH Update Contact",
    "sampleCount" : 4,
    "errorCount" : 0,
    "errorPct" : 0.0,
    "meanResTime" : 628.75,
    "medianResTime" : 617.0,
    "minResTime" : 609.0,
    "maxResTime" : 672.0,
    "pct1ResTime" : 672.0,
    "pct2ResTime" : 672.0,
    "pct3ResTime" : 672.0,
    "throughput" : 0.6719301192675962,
    "receivedKBytesPerSec" : 0.7008021165798757,
    "sentKBytesPerSec" : 0.4265181421132202
  }
}